{
  "baseline": {
    "U1": {
      "description": "Probabilistic Thresholding (CDF)",
      "mean_time_ms": 1068.341347350118,
      "std_time_ms": 12.796034488651,
      "min_time_ms": 1054.388124961406,
      "max_time_ms": 1079.527375055477,
      "result_count": 3,
      "runs": 3
    },
    "U2": {
      "description": "Probabilistic Comparison (JS/KL)",
      "mean_time_ms": 1113.6304166866466,
      "std_time_ms": 8.11525110744699,
      "min_time_ms": 1105.217000003904,
      "max_time_ms": 1121.410374995321,
      "result_count": 1,
      "runs": 3
    },
    "U3": {
      "description": "Distribution Transformation",
      "mean_time_ms": 1105.7398749981076,
      "std_time_ms": 75.07437442587369,
      "min_time_ms": 1057.2091659996659,
      "max_time_ms": 1192.2124590491876,
      "result_count": 3,
      "runs": 3
    },
    "U4": {
      "description": "Distribution Manipulation",
      "mean_time_ms": 1077.7164860240493,
      "std_time_ms": 8.211825898670293,
      "min_time_ms": 1068.5110000194982,
      "max_time_ms": 1084.2885830206797,
      "result_count": 3,
      "runs": 3
    },
    "U5": {
      "description": "SIMILARITYJOIN",
      "mean_time_ms": 1054.3125832919031,
      "std_time_ms": 9.751166846794838,
      "min_time_ms": 1043.160583009012,
      "max_time_ms": 1061.2339169019833,
      "result_count": 32,
      "runs": 3
    },
    "U6": {
      "description": "FUSEJOIN",
      "mean_time_ms": 1054.7552640006568,
      "std_time_ms": 3.85721444289802,
      "min_time_ms": 1052.3109580390155,
      "max_time_ms": 1059.2018750030547,
      "result_count": 12,
      "runs": 3
    }
  },
  "scalability": [
    {
      "U1": {
        "error": "All runs failed"
      },
      "U2": {
        "error": "All runs failed"
      },
      "U3": {
        "error": "All runs failed"
      },
      "U4": {
        "error": "All runs failed"
      },
      "U5": {
        "error": "All runs failed"
      },
      "U6": {
        "error": "All runs failed"
      },
      "data_size": 100,
      "k_components": 2
    },
    {
      "U1": {
        "error": "All runs failed"
      },
      "U2": {
        "error": "All runs failed"
      },
      "U3": {
        "error": "All runs failed"
      },
      "U4": {
        "error": "All runs failed"
      },
      "U5": {
        "error": "All runs failed"
      },
      "U6": {
        "error": "All runs failed"
      },
      "data_size": 500,
      "k_components": 2
    },
    {
      "U1": {
        "error": "All runs failed"
      },
      "U2": {
        "error": "All runs failed"
      },
      "U3": {
        "error": "All runs failed"
      },
      "U4": {
        "error": "All runs failed"
      },
      "U5": {
        "error": "All runs failed"
      },
      "U6": {
        "error": "All runs failed"
      },
      "data_size": 1000,
      "k_components": 2
    },
    {
      "U1": {
        "error": "All runs failed"
      },
      "U2": {
        "error": "All runs failed"
      },
      "U3": {
        "error": "All runs failed"
      },
      "U4": {
        "error": "All runs failed"
      },
      "U5": {
        "error": "All runs failed"
      },
      "U6": {
        "error": "All runs failed"
      },
      "data_size": 2000,
      "k_components": 2
    }
  ]
}